Edad,Dolor (0-10),Dificultad para respirar,Dolor en el pecho,Sangrado activo,Desmayo,Convulsiones,Embarazo,Enfermedades crónicas,Tiempo_evolucion_horas
0.578363103192398,1.2816138016780185,1.183215956619923,1.2909944487358056,2.6457513110645903,-0.5129891760425771,-0.30151134457776363,-0.44721359549995787,1.0,-0.5761675909817535
-0.18073846974762453,-1.980675875320574,-0.8451542547285166,-0.7745966692414834,-0.3779644730092272,-0.5129891760425771,-0.30151134457776363,-0.44721359549995787,1.0,3.6292618359778492
1.391686217056708,0.8155724192496482,1.183215956619923,1.2909944487358056,-0.3779644730092272,-0.5129891760425771,-0.30151134457776363,-0.44721359549995787,1.0,-0.5761675909817535
-0.8856185017633598,-0.1165103456070926,-0.8451542547285166,-0.7745966692414834,2.6457513110645903,-0.5129891760425771,-0.30151134457776363,2.2360679774997894,-1.0,-0.5761675909817535
-0.6145107971419231,1.2816138016780185,1.183215956619923,-0.7745966692414834,2.6457513110645903,-0.5129891760425771,-0.30151134457776363,-0.44721359549995787,-1.0,-0.5761675909817535
-0.5060677152933485,-1.0485931104638333,-0.8451542547285166,-0.7745966692414834,-0.3779644730092272,-0.5129891760425771,-0.30151134457776363,-0.44721359549995787,-1.0,1.4909078900661867
